TIME,AT11,AT12,AT13,AT21,AT22,AT31,AT32,AT33,AT34,BE10,BE21,BE22,BE23,BE24,BE25,BE31,BE32,BE33,BE34,BE35,BG31,BG32,BG33,BG34,BG41,BG42,CY00,CZ01,CZ02,CZ03,CZ04,CZ05,CZ06,CZ07,CZ08,DE11,DE12,DE13,DE14,DE21,DE22,DE23,DE24,DE25,DE26,DE27,DE30,DE40,DE50,DE60,DE71,DE72,DE73,DE80,DE91,DE92,DE93,DE94,DEB1,DEB2,DEB3,DEC0,DED2,DED4,DED5,DEF0,DEG0,DK01,DK02,DK03,DK04,DK05,EL30,EL41,EL42,EL43,EL51,EL52,EL53,EL54,EL61,EL62,EL63,EL64,EL65,ES11,ES12,ES13,ES21,ES22,ES23,ES24,ES30,ES41,ES42,ES43,ES51,ES52,ES53,ES61,ES62,ES63,ES64,ES70,FI19,FI1B,FI1C,FI1D,FI20,FR10,FR21,FR22,FR23,FR24,FR25,FR26,FR30,FR41,FR42,FR43,FR51,FR52,FR53,FR61,FR62,FR63,FR71,FR72,FR81,FR82,FR83,HR03,HR04,HU10,HU21,HU22,HU23,HU31,HU32,HU33,IE01,IE02,ITC1,ITC2,ITC3,ITC4,ITF1,ITF2,ITF3,ITF4,ITF5,ITF6,ITG1,ITG2,ITH1,ITH2,ITH3,ITH4,ITH5,ITI1,ITI2,ITI3,ITI4,LT00,LU00,LV00,MK00,MT00,NL11,NL12,NL13,NL21,NL22,NL23,NL31,NL32,NL33,NL34,NL41,NL42,NO01,NO02,NO03,NO04,NO05,NO06,NO07,PL11,PL12,PL21,PL22,PL31,PL32,PL33,PL34,PL41,PL42,PL43,PL51,PL52,PL61,PL62,PL63,PT11,PT15,PT16,PT17,PT18,PT20,PT30,RO11,RO12,RO21,RO22,RO31,RO32,RO41,RO42,SE11,SE12,SE21,SE22,SE23,SE31,SE32,SE33,SI03,SI04,SK01,SK02,SK03,SK04,UKC1,UKC2,UKD1,UKD3,UKD4,UKD6,UKD7,UKE1,UKE2,UKE3,UKE4,UKF1,UKF2,UKF3,UKG1,UKG2,UKG3,UKH1,UKH2,UKH3,UKJ1,UKJ2,UKJ3,UKJ4,UKK1,UKK2,UKK3,UKK4,UKL1,UKL2,UKM2,UKM3,UKM5,UKM6,UKN0,UKI
2014,287318,1626262,1765575,555743,1214927,1425982,534185,721574,375323,1172751,1806634,857844,1471126,1108408,1177935,391609,1334423,1095661,278219,486230,810401,835813,954536,1063690,2127618,1453619,858000,1243201,1302336,1210176,1125429,1506503,1680287,1222655,1221832,3972881,2702831,2174500,1781066,4469342,1189153,1077991,1056365,1707376,1297992,1806025,3421829,2449193,657391,1746342,3822479,1023150,1199796,1596505,1574936,2099079,1670199,2446345,1474378,519136,2000852,990718,1590927,1468954,986504,2815955,2160840,1749405,816726,1202509,1277538,581057,3863763,198581,334802,630889,608214,1903360,278706,341046,737686,207664,677727,559214,585155,2747226,1058975,587682,2167166,636450,315223,1331301,6378297,2495689,2075197,1096421,7416237,4956427,1115841,8388875,1461803,84674,83870,2114845,1374403,1585473,1161882,1300846,28666,12027565,1339299,1930095,1856267,2577435,1479378,1642551,4076061,2342397,1872949,1178072,3690659,3276543,1797698,3343326,2979161,738120,6460505,1360461,2751592,4983438,324212,1405908,2840901,2965413,1069190,984521,917492,1176894,1484375,1279480,1232783,3372718,4436798,128591,1591939,9973397,1333939,314725,5869965,4090266,578391,1980533,5094937,1663859,515714,536237,4926818,1229363,4446354,3750511,896742,1553138,5870451,2943472,549680,2001468,2065769,425384,582728,646317,488988,1139697,2019692,399893,1253672,2741369,3577032,380621,2479274,1120006,1209992,382230,969415,751632,875475,441193,478033,2498861,5292567,3316097,4548177,2134413,2083546,1253041,1165447,3441440,1691400,1008564,2869579,960226,2068417,1421264,2264817,3644195,442358,2281164,2807525,743306,247440,261313,2590220,2355312,3273367,2509094,3085095,2282968,2033360,1817895,2163042,1605347,819426,1426826,1921924,829134,368617,510548,1094709,966376,618380,1836664,1347233,1613672,1183828,1430989,498520,2725339,1470707,911528,1514303,924958,807101,1361786,2262880,2141117,1745978,726897,1310376,1587265,2793630,2437219,1783892,1760630,2325777,2797596,1933610,1771366,2402032,1296434,546574,1151663,1947877,1147249,2049771,2334318,486500,466872,1837275,8477298
2013,286691,1618592,1741246,555473,1210971,1418498,531898,715888,372603,1174624,1802309,855963,1465150,1103737,1177567,389479,1332489,1095977,278278,486069,823469,844511,957460,1067981,2128783,1462348,865878,1246780,1291816,1209298,1128490,1507980,1679857,1225302,1226602,3947568,2686573,2162340,1772630,4415649,1181472,1074738,1058711,1698515,1297727,1792759,3375222,2449511,654774,1734272,3791381,1023277,1201823,1600327,1574527,2094931,1667332,2442205,1476237,518289,1995752,994287,1591320,1480210,978674,2806531,2170460,1732068,816359,1201419,1272510,580272,3912849,199478,334652,630085,610102,1912624,281324,343128,741593,208241,682583,560093,586863,2761989,1067797,590036,2177006,638948,318647,1338316,6414620,2518560,2094406,1100970,7480921,4987011,1110112,8393175,1461983,84539,83620,2105234,1370384,1566835,1161486,1299468,28501,11959807,1339008,1927142,1849652,2570548,1478712,1642687,4060741,2345197,1868183,1177096,3660852,3258707,1789779,3316889,2954157,737509,6399927,1357668,2729721,4953675,320208,1407798,2854342,2953883,1074702,985279,925180,1189441,1491659,1288654,1236009,3355078,4374052,127844,1565127,9794525,1312507,313341,5769750,4050803,576194,1958238,4999932,1640379,509626,530308,4881756,1221860,4377487,3692828,886239,1545155,5557276,2971905,537039,2023825,2062294,421364,581705,646862,489918,1139350,2015791,398441,1245294,2724300,3563935,381077,2471011,1121891,1190365,380973,960653,741284,866239,437198,474563,2510409,5276119,3310450,4566039,2143278,2085063,1259137,1169763,3437751,1694560,1010582,2875180,966167,2072655,1425897,2259485,3666234,444390,2298938,2818388,748699,247549,263091,2594823,2359405,3278798,2523354,3108150,2282244,2048702,1824598,2127006,1589821,815792,1415403,1904563,826272,368182,508854,1093507,965314,612682,1838136,1348611,1611407,1179483,1426855,498561,2708724,1467257,907378,1511939,921648,803912,1355190,2246494,2128752,1732767,721675,1304463,1581053,2773057,2419478,1764359,1747002,2305960,2775896,1920443,1756588,2381851,1288909,541885,1145970,1940790,1137210,2038242,2332677,482699,466497,1826656,8362977
2012,285782,1614455,1717084,556027,1208696,1413866,529704,711581,370926,1159448,1791024,852056,1458467,1097210,1173818,386836,1326386,1090043,276154,483408,836601,853468,961965,1072850,2131233,1471107,862011,1241664,1279345,1207847,1131191,1508867,1678250,1227668,1230613,3924922,2671524,2150906,1765089,4363176,1175923,1072091,1061573,1688414,1299076,1783119,3326002,2453180,652182,1718187,3763611,1025525,1204635,1606899,1575968,2093431,1667127,2437727,1480166,518370,1991497,997855,1591710,1491442,971030,2802266,2181603,1714589,817907,1201342,1266682,579996,3963887,200591,334780,629367,612074,1922590,284061,345437,745839,209131,687935,561670,589044,2771916,1074308,592383,2184696,640014,320951,1343807,6425522,2537685,2105935,1104336,7514991,5009650,1100715,8377810,1461925,83845,81792,2085938,1365259,1549058,1159823,1298773,28354,11898502,1339270,1922342,1845547,2563586,1477209,1641130,4050756,2349816,1859869,1175684,3632614,3237097,1783991,3285970,2926592,738633,6341160,1354104,2700266,4935576,316257,1410551,2865433,2940818,1079589,984399,931215,1200831,1498795,1296278,1236529,3346178,4357663,126620,1567339,9700881,1306416,313145,5764424,4050072,577562,1958418,4999854,1637846,504708,524877,4853657,1217780,4341240,3667780,883215,1540688,5500022,3003641,524853,2044813,2059794,417546,580875,647214,490807,1137668,2010745,395525,1237117,2709822,3552407,381407,2463686,1123075,1169539,379938,949963,728934,855399,431340,470757,2519448,5257680,3303061,4576485,2149487,2083852,1263464,1172366,3430702,1695822,1010421,2876855,969541,2074398,1427162,2253048,3687224,446140,2316169,2827050,754385,247194,264236,2598877,2360578,3294204,2538949,3128799,2279145,2067357,1828087,2091473,1578097,812948,1405912,1892328,825431,368454,508212,1091741,963755,606537,1839259,1349729,1608797,1176946,1422375,499421,2693988,1463495,904434,1508892,919611,800816,1348020,2234084,2116608,1719114,716837,1299331,1575042,2751164,2404415,1745551,1735048,2285445,2755118,1908498,1739957,2361987,1281108,538101,1139062,1936283,1132397,2029148,2332454,478319,466336,1818935,8256963
2011,284581,1609474,1702855,556718,1206611,1410222,527886,707517,369300,1136778,1773267,846851,1448928,1088692,1168002,383648,1319745,1082136,273205,479386,848230,862120,966328,1078597,2133731,1480425,839751,1234037,1264986,1207027,1132252,1508735,1675872,1229117,1234705,3910637,2663588,2142723,1761557,4313946,1172475,1071424,1065322,1679849,1302144,1778244,3278346,2461242,651467,1705700,3734199,1027159,1208050,1614789,1579623,2093945,1669999,2435261,1486160,518554,1989471,1001879,1594568,1505254,966434,2800134,2195344,1699387,819763,1200656,1260993,579829,3992912,200831,333983,627144,611573,1925437,285899,346503,747690,209221,690904,561693,589602,2773411,1075869,590867,2183136,637100,320858,1344385,6394252,2545301,2099064,1102299,7493263,4999192,1091664,8332080,1459075,81621,78866,2064871,1360041,1532309,1157595,1297324,28007,11852851,1336053,1918155,1839393,2556835,1475684,1642734,4042015,2350657,1852325,1173440,3601113,3217767,1777773,3254233,2903420,741072,6283541,1350682,2670046,4916069,314486,1413426,2876431,2971246,1094104,994698,940585,1194697,1481922,1308470,1237715,3333166,4364309,126761,1574132,9663872,1307273,314342,5765850,4053668,579358,1962856,5005657,1641681,501815,522486,4851958,1220849,4331343,3668948,884010,1541950,5481572,3052588,511840,2074605,2057284,414989,579036,647282,491411,1134465,2004671,391967,1228794,2691477,3528324,381530,2454215,1122627,1144883,377709,938827,718543,845886,426206,468251,2528674,5240483,3293551,4585758,2156633,2083487,1268145,1175010,3422705,1697166,1010700,2878103,972986,2075129,1428620,2245568,3693585,451304,2331642,2822761,758707,246757,267965,2717532,2522692,3703283,2802532,3253712,2267419,2232814,1913831,2054343,1569248,811611,1396556,1879781,826820,369316,507895,1088922,961267,599931,1838786,1349286,1604443,1173646,1417980,499952,2673791,1459318,901375,1503567,916612,796538,1338373,2220015,2104311,1704627,713322,1293901,1567473,2725810,2385006,1726575,1723421,2264895,2733391,1894162,1723082,2342716,1271821,534024,1132530,1930295,1126355,2014403,2326753,473634,465794,1809539,8133525
2010,283697,1605897,1689995,557998,1205045,1409253,526730,704662,368366,1089538,1744862,838505,1432326,1076924,1159366,379515,1309880,1067685,269023,472281,865332,873801,971932,1087181,2132634,1490886,819140,1227932,1247330,1205834,1133425,1506467,1671993,1229931,1239176,4000848,2740503,2196018,1807552,4346465,1189194,1081417,1076400,1710145,1321957,1784753,3442675,2511525,661716,1774224,3792941,1044269,1224741,1651216,1616720,2142440,1693654,2476001,1490711,513794,2008170,1022585,1631486,1511028,954185,2832027,2249882,1680271,820564,1200277,1253998,579628,4002871,200179,332652,623113,610112,1921906,286450,345960,746976,208675,692269,559655,588471,2772466,1077102,588512,2179521,633023,319934,1344181,6373546,2547401,2084468,1099610,7463488,4989631,1083679,8276008,1453543,79294,76049,2045163,1355168,1517542,1154648,1296335,27734,11786234,1335923,1914844,1836954,2548065,1473494,1642115,4038157,2350920,1845687,1171763,3571495,3199066,1770363,3232352,2881756,742771,6230691,1347387,2636350,4899155,309693,1415971,2886876,2951436,1098654,996390,947986,1209142,1492502,1318214,1227429,3321999,4362041,126686,1576443,9600951,1307778,315536,5758375,4048007,581140,1966336,4997429,1641347,498315,518796,4841933,1221569,4306684,3657340,880202,1540272,5442963,3141976,502066,2120504,2052722,414027,576668,646305,490981,1130345,1998936,387881,1220910,2669084,3505611,381409,2444158,1122701,1123359,375925,928852,706823,835517,422102,465621,2535866,5217587,3280603,4590630,2161679,2081154,1272156,1176151,3410721,1696985,1009605,2876509,975283,2074489,1428496,2234955,3705980,445824,2337787,2808205,762068,246900,266715,2719719,2524418,3712396,2811218,3267270,2261698,2246033,1919434,2019182,1558292,810066,1383653,1866283,825931,369708,507567,1087215,959761,597999,1842763,1350286,1599362,1168781,1412315,500458,2651011,1455120,898513,1498042,914144,791442,1328405,2205139,2090780,1689857,708733,1288952,1558437,2699492,2361712,1706697,1711120,2242650,2709001,1877812,1705146,2324183,1261896,530325,1127629,1924712,1119494,1997342,2317233,468596,463388,1799019,8002621
2009,282777,1602958,1680135,559462,1204795,1408619,526699,702502,367056,1068532,1731174,833160,1420415,1068838,1155290,375645,1304436,1060035,266950,468605,881573,884857,976062,1094253,2129855,1500519,796930,1214300,1230405,1202477,1134887,1503865,1666778,1230437,1242634,4006313,2740164,2195681,1807348,4335137,1191910,1083780,1082516,1712405,1327497,1786483,3431675,2522493,661866,1772100,3784767,1048683,1231503,1664356,1623649,2149181,1696643,2477771,1499457,515322,2013572,1030324,1638111,1522606,946611,2834260,2267763,1662285,821252,1199667,1247732,580515,3999457,199517,331815,618317,608639,1913980,286672,345167,745569,208161,692990,557291,587170,2767469,1076276,584657,2174077,627286,319788,1342788,6327559,2549172,2066428,1094693,7427092,4981284,1070167,8212968,1441787,76927,73365,2025490,1349600,1501511,1152267,1295480,27456,11728240,1337953,1911157,1832942,2538590,1470880,1642440,4033197,2350112,1843053,1168208,3539048,3175064,1760575,3206137,2862707,741785,6174040,1343964,2610890,4889053,305674,1415015,2894781,2925500,1103132,998187,952982,1223238,1502409,1325527,1215848,3305474,4356322,126369,1577301,9545515,1306029,316955,5750382,4043827,583556,1970780,4990588,1642583,494559,514881,4827619,1221392,4277139,3641389,875261,1536302,5401837,3183856,493500,2162834,2048619,410926,574092,644811,489918,1125435,1991062,383449,1210869,2646445,3481558,380984,2434560,1122604,1103100,374359,919900,696166,824865,417437,463425,2548861,5204495,3287136,4645665,2161832,2099495,1272784,1191470,3397617,1692957,1008962,2877059,1033040,2067918,1427073,2219512,3712554,440088,2341807,2792105,764652,246670,265138,2721468,2526062,3717621,2818346,3279786,2253093,2257752,1924488,1981263,1545587,807871,1367017,1851702,825149,370269,507489,1079453,952909,594966,1845563,1349903,1591969,1165178,1407170,500823,2630100,1452056,895916,1493563,912723,787264,1319708,2191368,2076533,1676611,703231,1284388,1551138,2676535,2341273,1688942,1699785,2221257,2686149,1862903,1688611,2307856,1255012,527976,1125102,1919910,1112230,1983494,2309167,463461,460799,1786187,7877924
2008,280977,1595503,1671221,559715,1203701,1405762,525944,699588,365578,1048491,1715707,826690,1408484,1060232,1150487,373492,1300097,1053722,264084,465380,898371,897075,981143,1102099,2127498,1511816,776333,1195521,1201524,1191156,1130335,1494631,1657593,1229618,1243044,4007095,2739274,2196410,1806976,4313446,1194138,1086684,1088845,1714123,1334767,1788329,3416255,2535737,663082,1770629,3780232,1053259,1239064,1679682,1633318,2156841,1701132,2480393,1507919,515972,2021752,1036598,1646716,1534160,939218,2837373,2289219,1645825,819427,1194659,1237041,578839,3990727,198675,329525,613144,605411,1905904,286696,344410,743919,207508,693549,555577,585892,2754766,1071079,577267,2159415,616710,316197,1325426,6226185,2541720,2031840,1089655,7311146,4928095,1042857,8118570,1419563,75250,71244,1991954,1344565,1483719,1149025,1296022,27153,11659260,1338004,1906601,1825667,2531588,1467425,1638588,4024490,2346361,1837087,1163931,3510170,3149701,1752708,3177625,2838228,740743,6117229,1341863,2581718,4882913,302966,1412009,2899958,2897317,1104841,997939,960088,1236690,1514020,1334506,1191149,3266616,4332069,125550,1573333,9469841,1297991,317655,5750281,4040624,584871,1974058,4981526,1639766,490035,509109,4783323,1214346,4222551,3615187,866930,1521242,5342587,3212605,483799,2191810,2045177,407832,573459,643189,488135,1119994,1983869,378688,1201350,2626163,3461435,380585,2424827,1123705,1079051,372926,909842,684761,815705,412849,462037,2555898,5188488,3279036,4654115,2166213,2097338,1275550,1192660,3386882,1692271,1008481,2878410,1037088,2066136,1426155,2210920,3719773,434556,2345981,2775675,767535,246373,263446,2724176,2524628,3722553,2825756,3292036,2242002,2270776,1926700,1949516,1534529,805353,1351257,1838691,825000,370386,508195,1067719,942550,592824,1846283,1350263,1586694,1161826,1403818,500819,2609479,1450334,892773,1490636,910195,783385,1310906,2176960,2062927,1662694,697281,1277162,1543007,2653874,2321845,1671667,1687563,2200859,2665296,1850318,1672669,2291124,1248807,525791,1122091,1912884,1102960,1969549,2300139,458850,457438,1770363,7753358
2007,280062,1588567,1661246,559393,1202483,1403663,526048,697253,364269,1031215,1700570,820272,1398253,1052467,1145878,370460,1294844,1047414,261178,461983,916308,909962,986125,1110344,2126182,1523752,757916,1173933,1174964,1181719,1120755,1485575,1646898,1227080,1243309,4005380,2734260,2193178,1805935,4279112,1193820,1087939,1094525,1712622,1337876,1786764,3404037,2547772,663979,1754182,3772906,1057553,1244900,1693754,1641776,2160253,1702938,2477718,1513939,515819,2023102,1043167,1657114,1548367,934772,2834254,2311140,1636749,816118,1189817,1227428,576972,3982602,198191,327471,608988,602965,1899242,286855,343786,743210,207149,694901,555149,585499,2741074,1065287,568196,2142602,602835,308117,1294243,6075013,2514206,1971208,1081872,7151682,4801628,1005181,7986600,1385717,74161,68967,1946077,1338973,1467453,1146472,1297134,26923,11598866,1339487,1900354,1816716,2526919,1461429,1633891,4021676,2339881,1827248,1158671,3482594,3120288,1739780,3150890,2810247,737001,6065959,1339247,2560870,4864015,299209,1406970,2906560,2872678,1107453,999361,967677,1251441,1525317,1342231,1160174,3179944,4285466,124654,1572551,9393968,1285456,317206,5737883,4032130,585732,1967632,4967981,1635648,484280,503147,4728911,1205593,4175075,3581920,856151,1504727,5277633,3249983,476187,2208840,2041941,405616,573614,642209,486197,1116374,1979059,374424,1190604,2613070,3455097,380497,2419042,1127805,1057794,371729,900152,673027,808290,407905,462237,2566198,5171702,3271206,4669137,2172766,2097564,1279838,1196101,3378502,1692838,1008520,2882317,1041941,2066371,1426883,2203595,3719898,428798,2348308,2759501,769333,245671,261079,2729256,2524176,3727910,2834335,3304840,2232162,2285733,1926707,1918104,1524509,802247,1335936,1827143,824853,370998,509467,1067776,942601,592062,1847853,1350943,1582322,1157100,1400142,499778,2590604,1447726,887944,1489503,905900,778641,1303030,2161542,2050500,1645620,689602,1267120,1532695,2633824,2300885,1654898,1674214,2178786,2640736,1838375,1653445,2269956,1237825,522278,1115165,1902611,1093189,1953468,2290746,453837,453028,1752366,7646200
2006,279128,1580501,1652448,559277,1200854,1400287,524920,694253,362630,1018804,1688493,814658,1389450,1044133,1141866,366481,1290079,1040297,258547,458574,934755,923643,991217,1119050,2124449,1536257,744013,1169892,1157881,1176931,1121590,1481215,1643258,1227045,1245765,4007373,2732455,2190727,1805146,4238195,1196923,1089543,1101390,1712275,1341481,1788919,3395189,2559483,663467,1743627,3778124,1061323,1252907,1707266,1650435,2163919,1704133,2475459,1521494,513363,2023986,1050293,1662482,1558214,925911,2832950,2334575,1620542,814304,1184850,1216911,575306,3971441,199187,324712,604682,600034,1890244,287215,342916,741765,206703,696051,554659,585107,2730107,1063488,561042,2127689,592137,302703,1273563,5953546,2494698,1917445,1074937,7010859,4681033,970294,7865788,1351106,72807,67111,1899618,1334293,1452083,1143740,1298698,26766,11532398,1338850,1894355,1811055,2519567,1456793,1628837,4018644,2335749,1815493,1150624,3450413,3094534,1724123,3119778,2776822,730920,6021346,1335938,2534144,4815232,294118,1399795,2912692,2855670,1108124,1000142,970700,1261489,1533162,1347294,1125639,3082517,4279510,123969,1574148,9341231,1283830,318297,5741383,4033405,589480,1978390,4969155,1634026,479354,498537,4701951,1201522,4146766,3570259,853259,1499237,5246505,3289835,469086,2227874,2038514,404999,574042,642230,484481,1113529,1975704,370656,1180039,2606584,3458875,380186,2415946,1131938,1039536,371715,893858,663995,804239,404097,462779,2577465,5157729,3266187,4685775,2179611,2098263,1285007,1199689,3372417,1694178,1009198,2888232,1047407,2068253,1428601,2199043,3718061,423539,2350150,2745623,770869,245118,258628,2729181,2534378,3734946,2843624,3321392,2215701,2301833,1929158,1889945,1518077,800054,1320160,1814323,825037,370764,509392,1064048,939310,592301,1851658,1351651,1577318,1152783,1397017,497890,2573330,1443073,882454,1489154,902286,774256,1296474,2148261,2039897,1626570,681410,1256718,1522425,2618917,2281263,1640939,1662372,2158009,2615748,1828056,1635294,2248953,1227304,518794,1107973,1892334,1084923,1938765,2284882,448538,448945,1735396,7558958
2005,278033,1568949,1632568,558926,1196780,1394726,522369,688954,360054,1006749,1676858,809942,1380072,1037786,1138503,363776,1286275,1034024,256004,455863,954395,938073,996533,1128102,2122105,1549365,733067,1161334,1143925,1173457,1122142,1478378,1642020,1228319,1249280,4003172,2727733,2185027,1801487,4211118,1196178,1090289,1106541,1708972,1344629,1786166,3387828,2567704,663213,1734830,3775025,1064228,1258512,1719653,1658918,2166626,1702971,2472394,1527507,513861,2019737,1056417,1667676,1570238,918974,2828760,2355280,1603195,814987,1184248,1210830,576187,3952793,199177,321798,600490,597258,1880517,287631,342454,741599,206688,697975,555282,586250,2720689,1062753,554688,2115260,584365,298045,1255077,5866219,2482797,1874017,1070096,6870811,4567163,940121,7730696,1313496,71977,64910,1853158,1330371,1439400,1141401,1298909,26530,11442143,1339400,1889028,1806677,2507246,1452425,1626190,4015613,2332468,1803402,1145744,3415391,3066585,1711307,3088196,2743073,727487,5963736,1331779,2497718,4768564,289092,1392937,2917924,2840972,1110897,1000348,977465,1271111,1541818,1354938,1098814,3012858,4272118,122927,1575191,9276620,1280044,319483,5743008,4033125,592650,1989501,4968623,1632690,474568,493907,4669405,1199218,4117455,3557577,848070,1491214,5217359,3355220,461230,2249724,2035196,402668,575072,642977,483369,1109432,1972010,365859,1171291,2599103,3458381,379978,2411359,1136695,1024064,371550,889058,657976,800064,401011,462640,2587702,5145997,3260201,4700771,2185156,2097975,1288693,1202425,3365283,1694865,1009168,2893055,1051531,2068258,1428714,2194041,3716870,418530,2352891,2732440,773134,244491,256316,2742676,2533421,3735512,2849959,3338195,2209768,2313903,1935094,1872900,1514549,799739,1311254,1805683,826188,371619,509460,1060985,936605,592759,1855358,1352313,1572255,1149222,1394524,495949,2557067,1437098,877286,1487892,897815,769411,1288363,2130234,2027643,1607741,674910,1247460,1513156,2602894,2257246,1628689,1649813,2137192,2595072,1815819,1620160,2227452,1219046,515683,1100031,1885170,1077971,1925409,2282364,444381,444613,1720850,7476424
2004,276793,1557291,1610409,558026,1192168,1387488,519691,683639,357068,999899,1668812,805786,1373720,1031904,1135802,360717,1283200,1029605,254120,452856,973553,952025,1001647,1137028,2118410,1562484,722893,1158738,1135690,1174257,1121756,1479468,1641297,1231188,1252953,3994612,2722550,2178813,1796581,4195673,1194472,1089826,1109674,1706615,1344740,1782386,3388477,2574521,663129,1734083,3762995,1065467,1260966,1732226,1662595,2167157,1698434,2465229,1527919,513755,2017008,1061376,1674343,1583465,913208,2823171,2373157,1585161,815783,1183874,1204114,575987,3935254,199160,318813,596426,594512,1871566,287800,342123,742574,206877,700215,556835,588214,2711586,1062412,548014,2103103,576346,291082,1237774,5766554,2471132,1833543,1064374,6712748,4441941,912965,7596534,1276816,71538,64747,1804242,1325241,1429869,1139489,1298786,26347,11350290,1339597,1883409,1801791,2494279,1447429,1622456,4010548,2328136,1791145,1140478,3379784,3037077,1698020,3054587,2707583,723906,5904729,1327104,2459969,4719132,283972,1384187,2921538,2829704,1112984,1003185,983612,1280040,1547003,1360214,1074951,2953900,4254443,121555,1569018,9157211,1273992,320155,5720521,4024783,594139,1998792,4965633,1631420,470116,487390,4619015,1194393,4072274,3531825,840567,1479929,5168729,3398929,454960,2276520,2029892,399867,574384,642066,482415,1105512,1966929,359904,1162258,2587265,3451942,379028,2406994,1139335,1010504,372016,884603,652349,796851,398239,462895,2597094,5135732,3252949,4714982,2191172,2097248,1291598,1205117,3359932,1696073,1008786,2898313,1055667,2068142,1428885,2188918,3713740,413611,2354349,2719233,774276,243916,253925,2743281,2543512,3742868,2855044,3350248,2208254,2325020,1943025,1860872,1509841,798528,1302586,1796314,826949,371750,508830,1060370,936063,594113,1858211,1352279,1567272,1146883,1393559,493086,2544360,1430877,873257,1486066,890940,763325,1280024,2110529,2013740,1591648,667842,1240657,1505553,2589692,2231970,1621121,1638381,2120767,2580452,1802994,1606626,2206808,1211551,512391,1091729,1876909,1070407,1913711,2280652,441522,439966,1709428,7414336
2003,276542,1549269,1592846,558623,1189315,1382532,517084,679457,354605,992041,1661119,802528,1370136,1027839,1133931,358012,1281706,1025842,252295,450395,993778,966969,1007579,1147097,2113323,1576760,713720,1157443,1128603,1173537,1121734,1481433,1640225,1233376,1256298,3985000,2716682,2170481,1789157,4169657,1191476,1088929,1112655,1703869,1344300,1776465,3392425,2582379,662098,1728806,3761749,1065909,1263960,1744624,1665368,2167876,1692192,2455036,1527611,513702,2016414,1064988,1683138,1588213,901843,2816507,2392040,1571107,817635,1183198,1198706,575821,3916875,199375,317315,593143,592085,1862475,288125,342169,743648,207415,703115,559105,590925,2705159,1062326,541651,2092644,567892,284607,1225572,5638804,2463616,1797150,1060351,6556900,4322066,883409,7490871,1242626,71109,65387,1755698,1321583,1419938,1137747,1300770,26257,11270074,1340851,1879079,1797924,2484288,1442916,1620757,4008628,2326019,1779575,1135982,3347675,3009249,1686472,3023922,2674559,721351,5850513,1323406,2424518,4675056,279027,1378357,2927027,2824754,1113671,1004328,989408,1288960,1554177,1367064,1053785,2910406,4219397,120372,1565791,9073637,1265126,320218,5699296,4020032,595070,1999061,4959528,1630280,466685,481341,4562181,1188528,4029942,3507126,830302,1463766,5132827,3431497,448300,2299390,2023654,397296,572997,639787,481254,1100677,1960422,351680,1152218,2573120,3439982,378348,2400198,1141889,1000684,371863,880519,647434,793243,395798,462711,2607380,5128623,3237217,4731533,2196992,2105050,1295885,1207704,3355279,1697718,1008196,2904694,1061009,2069166,1428449,2183636,3708294,408029,2355304,2702293,776131,243303,251238,2750406,2548331,3746330,2863406,3368615,2208150,2336018,1951518,1850467,1503423,796957,1294965,1786781,827067,372266,508862,1059627,935406,596720,1862505,1353025,1562623,1145885,1394619,489963,2531076,1423873,869716,1485227,883649,757696,1273968,2097982,2000834,1578132,659404,1234211,1498214,2580878,2208463,1615722,1629305,2110108,2569157,1792758,1594804,2191319,1205467,508789,1085827,1866411,1063680,1908104,2282633,440026,436029,1701197,7386268
2002,276673,1544667,1571123,559933,1188117,1377803,517050,675700,352574,978384,1652450,798583,1366652,1022821,1132275,355207,1281042,1024130,250406,447775,1015303,982500,1013873,1157711,2107264,1592164,705539,1157876,1123895,1173715,1122089,1483483,1643202,1236388,1260534,3964162,2701376,2156851,1778517,4138402,1185467,1085609,1113788,1698343,1340912,1767193,3388434,2593040,659651,1726363,3746852,1065028,1265946,1759877,1666864,2163904,1683438,2442210,1524695,512990,2011381,1066470,1695745,1594290,891992,2804249,2411387,1557841,815322,1178307,1188753,574094,3894259,199375,315878,589844,589489,1852039,287813,342332,745339,208075,706346,562848,594637,2696809,1062786,536286,2082896,557456,277989,1209897,5478611,2454754,1763477,1057790,6380492,4192277,845128,7391401,1206614,70868,65897,1703850,1319440,1408525,1136184,1304744,26008,11185563,1341635,1874316,1794099,2472978,1437801,1618437,4005577,2323026,1768054,1131455,3314649,2981765,1674460,2993132,2641980,718716,5796144,1319800,2388723,4629496,274093,1371890,2933604,2829047,1120610,1002959,993466,1296504,1559073,1373194,1032151,2867551,4212090,119353,1569787,9033024,1261991,320143,5699305,4020071,597121,2008041,4966723,1629889,462827,476792,4529008,1183437,4002620,3498497,826104,1453403,5117281,3454637,444050,2320956,2038651,394641,570480,636184,478799,1094032,1949233,341721,1139925,2559477,3423780,377235,2391123,1143296,989914,371200,874705,642171,789388,393780,462908,2617318,5121681,3229617,4748467,2201720,2104138,1299382,1209439,3350437,1698402,1008983,2909622,1066438,2069747,1428469,2178337,3696333,400937,2351652,2678695,776496,242544,248012,2762565,2551234,3743950,2872007,3383573,2213782,2348337,1958035,1838882,1497304,796515,1286588,1777510,829114,373664,509551,1059092,934934,599042,1868147,1353777,1557985,1145691,1394626,488214,2519852,1418686,866490,1485819,877984,753342,1268932,2088184,1989015,1565018,651643,1226855,1491916,2572170,2188252,1607705,1620694,2103552,2560911,1784935,1585163,2178352,1197243,504464,1079722,1858041,1058292,1905474,2286155,439179,433784,1693118,7350091
2001,275956,1539416,1553956,559571,1182441,1373134,514851,671492,350129,964405,1645652,794785,1363672,1018403,1130040,352018,1279823,1020042,248750,445824,1067180,1040117,1017848,1203369,2143110,1677844,697549,1170476,1121591,1176097,1124813,1487400,1647278,1239089,1265283,3935352,2684425,2137625,1767013,4083077,1176206,1079217,1113251,1689066,1335991,1753447,3382169,2601962,660225,1715392,3737589,1063538,1267002,1775703,1668603,2158307,1672467,2426816,1519561,511754,2003242,1068703,1712562,1600406,880687,2789761,2431255,1545825,812769,1173459,1179041,572339,3895899,196774,311212,579672,584283,1846753,286007,339789,739503,205299,706491,556263,588044,2698025,1064851,534231,2082971,552060,275313,1202015,5379087,2463479,1752002,1059011,6314849,4135183,830428,7323031,1184118,71183,65725,1677983,1317441,1394199,1134411,1309288,25776,11102824,1341878,1868759,1789406,2461778,1432400,1615651,4001142,2318791,1756078,1126695,3281679,2954324,1662133,2962914,2609222,715796,5741877,1315944,2353629,4584379,269273,1363190,2932216,2831107,1120730,1003854,997671,1302835,1563714,1380387,1010395,2822388,4219421,119273,1578998,9004084,1261300,321468,5708137,4026054,599404,2018722,4978068,1634795,461101,474310,4508580,1181238,3983566,3494857,824187,1446785,5116344,3486998,439000,2353384,2031112,391415,566489,630539,474506,1086280,1934314,328936,1117997,2534599,3420700,374920,2375116,1142679,980714,371418,870490,634817,789712,392126,464159,2627824,5115010,3222426,4765657,2206200,2101375,1302650,1210688,3345316,1697935,1008472,2912195,1070598,2067817,1427508,2172284,3679741,393142,2344671,2651729,775954,241387,244150,2844430,2642475,3831216,2934890,3467375,2272972,2399333,2037766,1823210,1492078,797172,1279816,1769645,832524,376469,511878,1057003,933091,598781,1871019,1354679,1554304,1146454,1395301,487699,2516217,1415703,862544,1484986,874791,748051,1266406,2078378,1981104,1553843,643901,1218862,1486606,2569707,2177336,1598495,1611887,2098583,2553979,1777436,1577025,2168292,1188368,499775,1073784,1853860,1054692,1902374,2287840,439594,433756,1686348,7279558
2000,276226,1535083,1548537,560696,1182930,1370035,512854,667459,348366,959318,1643972,791178,1361623,1014704,1128774,349884,1279467,1019442,246820,443903,1081257,1047670,1026019,1209686,2142700,1683544,690497,1186855,1111354,1177982,1131974,1489407,1658761,1240355,1281410,3917305,2676257,2125364,1757006,4033643,1170170,1074338,1114155,1683282,1333803,1745576,3386667,2601207,663065,1704735,3719354,1063503,1269109,1789322,1669634,2152759,1660653,2415714,1516237,511548,2002988,1071501,1724703,1612669,873697,2777275,2449082,1534398,810334,1168633,1169420,570592,3871527,196904,305954,575599,582750,1828425,287156,337513,739421,203658,707200,553882,585638,2702471,1068287,533417,2084535,548379,273828,1200200,5329606,2472869,1742456,1060030,6283101,4103816,817313,7285992,1169114,70855,64851,1659062,1317215,1379712,1134089,1314580,25706,11019991,1342007,1862938,1784575,2450121,1426928,1612818,3997864,2314909,1743955,1121512,3248994,2927612,1650378,2933223,2578254,713249,5688524,1312227,2322072,4541508,264539,1356261,2935782,2845949,1119047,1004598,999690,1304597,1564136,1383497,996005,2781560,4225083,118861,1587787,8971148,1261117,322772,5717694,4034887,601399,2028592,4994427,1638573,458553,470505,4485059,1178264,3954417,3491580,820844,1435898,5119323,3512074,433600,2381715,2021578,380201,562646,624500,469806,1077625,1919158,317206,1107849,2518354,3397744,371866,2356004,1141192,974519,369804,862841,631079,785966,389960,464328,2637438,5112652,3211151,4783570,2209083,2098771,1302518,1212269,3339749,1696925,1007967,2917139,1074205,2068864,1424772,2166230,3652110,385298,2328686,2624511,774835,240759,242823,2849982,2644115,3820101,2936219,3471322,2285544,2403632,2044570,1803377,1490348,798344,1274411,1762246,837892,380004,514804,1055761,931994,616982,1876416,1355514,1549745,1147177,1399690,487874,2515913,1412499,858991,1484296,874433,741936,1268131,2072967,1978406,1545417,636436,1211678,1482312,2576802,2165948,1588427,1602472,2088952,2545994,1769787,1568128,2157968,1180185,495030,1065833,1852710,1051024,1898002,2293410,441113,434893,1681179,7195312
